[
 {
  "hid":1,
  "sid":"pump_model",
  "esid":"",
  "parent":"root",
  "children":[
   2
  ],
  "name":"pump_model",
  "label":"pump_model",
  "fullname":"pump_model",
  "icon":"WebViewIcon0",
  "sameAsElement":0
 },
 {
  "hid":2,
  "sid":"pump_model:328",
  "esid":"pump_model:328",
  "parent":1,
  "children":[
   3
  ],
  "name":"PID1",
  "label":"PID1",
  "fullname":"pump_model/PID1",
  "icon":"WebViewIcon1",
  "sameAsElement":1
 },
 {
  "hid":3,
  "sid":"pump_model:170",
  "esid":"pump_model:170",
  "parent":2,
  "children":[
  ],
  "name":"best_mode_control",
  "label":"best_mode_control",
  "fullname":"pump_model/PID1/best_mode_control",
  "icon":"WebViewIcon1",
  "svg":"support/slwebview_files/pump_model_170_d.svg",
  "thumbnail":"support/slwebview_files/pump_model_170_d.png",
  "backingUrl":"support/slwebview_files/pump_model_170_d.json",
  "elements":[
   ":457",
   ":172",
   ":175",
   ":177",
   ":178",
   ":179",
   ":180",
   ":181",
   ":183",
   ":182",
   ":185",
   ":184",
   ":186",
   ":188",
   ":190",
   ":194",
   ":200",
   ":202",
   ":203",
   ":204",
   ":207",
   ":208",
   ":212",
   ":214",
   ":216",
   ":218",
   ":219",
   ":228",
   ":229",
   ":230",
   ":231",
   ":232",
   ":233",
   ":234",
   ":235",
   ":237",
   ":238",
   ":239",
   ":240",
   ":241",
   ":172#out:1",
   ":180#out:1",
   ":181#out:1",
   ":182#out:1",
   ":183#out:1",
   ":184#out:1",
   ":185#out:1",
   ":186#out:1",
   ":190#out:1",
   ":228#out:1",
   ":194#out:1",
   ":203#out:1",
   ":204#out:1",
   ":202#out:1",
   ":179#out:1",
   ":178#out:1",
   ":177#out:1",
   ":207#out:1",
   ":208#out:1",
   ":218#out:1",
   ":214#out:1",
   ":188#out:3",
   ":188#out:2",
   ":216#out:1",
   ":219#out:1",
   ":229#out:1",
   ":230#out:1",
   ":231#out:1",
   ":232#out:1",
   ":233#out:1",
   ":234#out:1",
   ":238#out:1",
   ":239#out:1",
   ":240#out:1",
   ":237#out:1",
   ":188#out:1",
   ":212#out:1"
  ],
  "sameAsElement":1
 }
]